mjd,forced_mag,forced_mag_uncert,forced_uJy,forced_uJy_uncert,forced_mag_sigma_limit,ra,dec
60229.70582679398,,,-24.76092848577716,7.402760321540134,19.9732748071938,99.81084789688433,-13.221604412892647
60281.58456340278,,,12.44506836773021,4.5107275990057305,20.476206969656467,99.81084789688433,-13.221604412892647
60281.58456368055,20.608956073905823,0.1659030961305019,20.721327292235777,3.1662685085473523,20.86327165974589,99.81084789688433,-13.221604412892647
60282.590907453705,,,-3.509895889748416,3.3686336995393584,20.79226790753012,99.81084789688433,-13.221604412892647
60282.59090769676,19.754613819597715,0.0680609635461991,45.51499214965872,2.8531739182387867,20.972023001256783,99.81084789688433,-13.221604412892647
60283.64460102431,20.061624501305975,0.0920197149595857,34.304429365074924,2.907413235546157,20.93658058045904,99.81084789688433,-13.221604412892647
60283.644904270834,,,-6.041758543055567,3.795514610321737,20.6521900780084,99.81084789688433,-13.221604412892647
60284.68627095486,20.5015507364936,0.2095803434155171,22.87597985369889,4.415764798754876,20.4807625514174,99.81084789688433,-13.221604412892647
60284.68627122685,20.34524922551996,0.1136479150803597,26.41802274720327,2.7652694941991056,21.00179096622485,99.81084789688433,-13.221604412892647
60294.55105654514,20.292966884369303,0.167030068042849,27.72127787912932,4.264651864876506,20.548389235917604,99.81084789688433,-13.221604412892647
60295.56629981482,20.180637871091985,0.1534534721521205,30.74290135590588,4.345074739535685,20.52578422384081,99.81084789688433,-13.221604412892647
60295.56630008102,20.26179099335773,0.1240778771065837,28.52880645333145,3.2602705202250646,20.83344440850979,99.81084789688433,-13.221604412892647
60300.53929615162,,,-1.138395748240539,4.920111850950151,20.391527359910768,99.81084789688433,-13.221604412892647
60300.5392964294,20.34052217597613,0.156993176921676,26.53329158035009,3.8366094094801615,20.65845334563344,99.81084789688433,-13.221604412892647
60302.53223299768,19.914126613993734,0.1561402433876825,39.29609132193573,5.651189705475929,20.246175062648756,99.81084789688433,-13.221604412892647
60302.53223326968,,,12.924996820452982,4.111547998755533,20.58758868797521,99.81084789688433,-13.221604412892647
60303.57776907986,,,8.45104454286218,5.97683146950995,20.18675894464699,99.81084789688433,-13.221604412892647
60303.577769299765,19.55772921089101,0.0877926448125469,54.56426577465936,4.4120672992379655,20.51339213864317,99.81084789688433,-13.221604412892647
60304.54205641204,,,14.785302362471032,7.506639586428138,19.944693407616818,99.81084789688433,-13.221604412892647
60304.54205667246,,,21.35933977889808,5.218911272901226,20.335409076755116,99.81084789688433,-13.221604412892647
60305.53961859375,19.559038144778857,0.2125894951041328,54.49852422352768,10.670928811092825,19.562980207533773,99.81084789688433,-13.221604412892647
60305.53961887732,,,27.359812099058036,6.24537993504524,20.142410737375528,99.81084789688433,-13.221604412892647
60305.55553355324,,,-4.822392518733333,0.0,23.65249668297125,99.81084789688433,-13.221604412892647
60305.55553377315,,,-23.2411784435861,9.751967418579143,19.6580474951362,99.81084789688433,-13.221604412892647
60306.58129143519,,,2.7984773272546795,5.7295574599493575,20.232590685045896,99.81084789688433,-13.221604412892647
60306.58129167824,19.792617013879838,0.1300290514459558,43.949424693513365,5.263435058579518,20.326457229017528,99.81084789688433,-13.221604412892647
60308.53178837963,,,-3.0808243070071315,4.447969106129756,20.50103379494028,99.81084789688433,-13.221604412892647
60308.5317886169,19.81645565002037,0.0938235678005038,42.99497888406015,3.7153981775052745,20.69588571924509,99.81084789688433,-13.221604412892647
60311.56025250578,,,15.952150536655026,7.753745126138019,19.904416775206524,99.81084789688433,-13.221604412892647
60311.5602528125,,,7.001882359569783,5.989298809147916,20.18075134368216,99.81084789688433,-13.221604412892647
60312.517471782405,,,10.263441740409606,4.317474546033741,20.45894981893692,99.81084789688433,-13.221604412892647
60328.499299166666,,,20.548016548148624,4.886704089542891,20.390618119186712,99.81084789688433,-13.221604412892647
60328.49929943287,20.159174371076503,0.1137719761456862,31.35669282265212,3.2858008162499543,20.823410706704603,99.81084789688433,-13.221604412892647
60329.49015843171,19.832486054501583,0.1740102828744089,42.36484074728131,6.789787325924123,20.051250511212466,99.81084789688433,-13.221604412892647
60329.490158674766,20.227319318281506,0.1543150518704641,29.449116675908417,4.185585732028275,20.568551025505258,99.81084789688433,-13.221604412892647
60331.48571895254,,,29.69406132092065,6.199083632737401,20.141416207868296,99.81084789688433,-13.221604412892647
60331.48571921296,,,5.87938630340603,3.941491949466043,20.632145266280784,99.81084789688433,-13.221604412892647
60331.49869380208,,,-2.281528634931293,0.0,23.81768501727997,99.81084789688433,-13.221604412892647
60331.498694050926,,,-22.12613908957177,7.093032686140116,20.002339755457392,99.81084789688433,-13.221604412892647
60332.48267759259,,,-21.00984296762077,8.192441269386638,19.852185064181025,99.81084789688433,-13.221604412892647
60332.48267782986,,,7.685999495094081,5.59182977242082,20.262103454879917,99.81084789688433,-13.221604412892647
60332.49488407986,23.374817551519225,0.1807473694309588,1.6220826512720206,0.2700353648815889,23.13427680454929,99.81084789688433,-13.221604412892647
60332.49488432871,,,-15.479007204727443,9.330177065543769,19.709990804306337,99.81084789688433,-13.221604412892647
60333.48234445602,,,5.745574588570724,6.003790645445835,20.181484756400195,99.81084789688433,-13.221604412892647
60333.48265082176,20.045128955145337,0.1577337389168454,34.82959447460812,5.059978784313726,20.35882937645441,99.81084789688433,-13.221604412892647
60333.49507268518,,,-0.9451314703303652,0.0,23.72081675142832,99.81084789688433,-13.221604412892647
60333.49507295139,,,-23.414104377784412,6.408684633049638,20.10373837484172,99.81084789688433,-13.221604412892647
60337.48337798032,19.49053780930455,0.1205130076606541,58.04768125198212,6.443094210864719,20.099459946806757,99.81084789688433,-13.221604412892647
60337.48337824653,,,11.090308816069593,3.8999719860151663,20.64203379038675,99.81084789688433,-13.221604412892647
60337.49327199653,,,-2.47359349514663,0.0,23.768344259220545,99.81084789688433,-13.221604412892647
60337.493272210646,,,-34.08660132983169,7.296608784409047,19.971198085609107,99.81084789688433,-13.221604412892647
60341.46101873842,,,19.10316594823621,3.9719385433483634,20.588944105929183,99.81084789688433,-13.221604412892647
60341.46101899305,20.18161488196647,0.1095508844050719,30.71524948366428,3.0991715399298583,20.86520685543045,99.81084789688433,-13.221604412892647
60341.466320827545,,,-0.8500013106103715,0.0,23.33310362453453,99.81084789688433,-13.221604412892647
60341.46632107639,,,10.577002785018363,5.60759925213858,20.22200110466913,99.81084789688433,-13.221604412892647
60341.63823407986,23.305379282489746,0.2070435588962549,1.7292121843984916,0.329750673483701,22.85733862642221,99.81084789688433,-13.221604412892647
60341.63823436921,,,25.51639145215483,6.09338017520353,20.1489277131609,99.81084789688433,-13.221604412892647
60342.43504877893,19.761648715563226,0.1343527609153114,45.221036635022834,5.595807800036682,20.23063093404888,99.81084789688433,-13.221604412892647
60342.43504905672,,,8.014020052106739,3.0359881395076496,20.88665223927666,99.81084789688433,-13.221604412892647
60343.43421090856,,,-14.413214560587123,4.274276690728721,20.51406037568349,99.81084789688433,-13.221604412892647
60343.43421114583,20.224689911623752,0.1267338188635913,29.52052218147885,3.445817220159489,20.755313614836403,99.81084789688433,-13.221604412892647
60343.60447958912,19.728541581217332,0.0837794330816585,46.621191382132686,3.597464067670749,20.71529082369544,99.81084789688433,-13.221604412892647
60343.61131298611,,,-1.723161429463708,0.0,23.36598584834312,99.81084789688433,-13.221604412892647
60343.611313246525,,,15.654020529242905,5.01540753179938,20.34274064707506,99.81084789688433,-13.221604412892647
60349.43748387153,,,8.897335202725525,4.277248150723568,20.528010212974905,99.81084789688433,-13.221604412892647
60349.43748413773,20.058883600645707,0.1093000735694244,34.39113902250874,3.462124601559082,20.756189155148554,99.81084789688433,-13.221604412892647
60349.44333365162,,,-1.2483100410487138,0.0,23.39086205781005,99.81084789688433,-13.221604412892647
60349.44333394097,,,-17.079105650811517,5.800963793694988,20.1954956553864,99.81084789688433,-13.221604412892647
60352.42355324074,,,2.964898015722621,5.04758203591854,20.355581650799813,99.81084789688433,-13.221604412892647
60352.42355348959,20.506672047772987,0.1748187124664059,22.7683301845602,3.66601956389722,20.69593855905341,99.81084789688433,-13.221604412892647
60352.42914337384,23.21745799791399,0.2047319232590451,1.8750670442908317,0.3535721481285905,22.78682972651676,99.81084789688433,-13.221604412892647
60352.42914359954,,,-43.16838221773833,6.423941985985798,20.09326531685484,99.81084789688433,-13.221604412892647
60352.59404975116,,,2.356835314644853,4.765056868915457,20.398808800644392,99.81084789688433,-13.221604412892647
60352.594049994215,20.18784963170581,0.1288338063425478,30.53937517644208,3.623812054955509,20.69780710152386,99.81084789688433,-13.221604412892647
60352.59932877894,,,0.6990945470926601,0.2118509963514238,23.07834257758588,99.81084789688433,-13.221604412892647
60352.59932902778,,,-18.679427627245836,4.858556126911575,20.376800006400167,99.81084789688433,-13.221604412892647
60353.42263059606,19.81206021236037,0.1238885429779066,43.169390308485866,4.925867667601912,20.36374415526872,99.81084789688433,-13.221604412892647
60353.42263087384,20.75886242809956,0.1786920972042514,18.04907829056757,2.9705444455209378,20.909569453784687,99.81084789688433,-13.221604412892647
60353.60158375,,,-0.113303763515701,0.0,23.417867337467364,99.81084789688433,-13.221604412892647
60353.601584010416,,,-1.2703052888362956,5.056754309701086,20.340928505622266,99.81084789688433,-13.221604412892647
60543.79697673032,,,24.75013822834965,219.47145563951688,16.294224460549323,99.81084789688433,-13.221604412892647
60543.796976944446,,,-282.7792786228341,178.82210963193376,16.516612543527366,99.81084789688433,-13.221604412892647
60549.78140137732,,,23.51258541007769,13.028971312276136,19.35283628976707,99.81084789688433,-13.221604412892647
60549.78140162037,,,10.131624071381191,12.654756303636695,19.384789847828923,99.81084789688433,-13.221604412892647
60550.80304525463,,,-3.7197631182761626,0.0,23.61027722720919,99.81084789688433,-13.221604412892647
60550.80304545139,,,-28.32600713572725,16.455938394231197,19.101553482706937,99.81084789688433,-13.221604412892647
60551.77432676504,,,34.523784467459585,12.606688422661174,19.38857003245446,99.81084789688433,-13.221604412892647
60551.774327008105,,,23.08846844959066,11.560860387970363,19.482172987424853,99.81084789688433,-13.221604412892647
60552.79760703125,,,-10.0711348436331,0.0,23.67480536138938,99.81084789688433,-13.221604412892647
60552.797607291664,,,63.364363068216655,19.55958613059192,18.916187255610343,99.81084789688433,-13.221604412892647
60553.769947552086,,,5.7570119108381865,13.98298648774345,19.274595987409874,99.81084789688433,-13.221604412892647
60553.76994779514,,,-38.61780181327499,12.709254753427263,19.37979538503491,99.81084789688433,-13.221604412892647
60554.792303350696,,,0.8316163871393664,0.2120987416726607,23.18391234590793,99.81084789688433,-13.221604412892647
60554.792303605325,,,-5.426710412390942,14.12688180851971,19.264731380109545,99.81084789688433,-13.221604412892647
60555.76467829861,,,-10.281604038360388,14.321128459583583,19.24783772640145,99.81084789688433,-13.221604412892647
60555.76467853009,,,55.68739962913136,13.564746333824884,19.30653726886197,99.81084789688433,-13.221604412892647
60559.75647117477,,,70.29453399395528,15.665782849751366,19.15344233691107,99.81084789688433,-13.221604412892647
60559.75647141782,,,22.99717775439717,13.624654013798311,19.30557466750146,99.81084789688433,-13.221604412892647
60561.747258194446,,,51.83410258189759,56.06215553280187,17.76902042254768,99.81084789688433,-13.221604412892647
60561.747258396994,,,-76.40108575633236,46.095098266432736,17.98113747918775,99.81084789688433,-13.221604412892647
60563.742471533566,,,52.190878713429534,15.23142580499436,19.18344165795713,99.81084789688433,-13.221604412892647
60563.74247171296,,,13.114498598398432,12.93626142069004,19.35906300803886,99.81084789688433,-13.221604412892647
60567.21469546875,,,-67.76376965183049,10.336386750131792,19.60146056190515,99.81084789688433,-13.221604412892647
60567.74789657408,,,18.436965789398823,12.075008304692364,19.44088470718561,99.81084789688433,-13.221604412892647
60567.74789683449,,,27.385448936443943,11.652619008304134,19.479908998353817,99.81084789688433,-13.221604412892647
60568.22739316551,,,-71.32066911445143,12.022486810446004,19.4342128740131,99.81084789688433,-13.221604412892647
60569.734985497686,,,-1.0424019327769387,23.646297205819447,18.7112522976056,99.81084789688433,-13.221604412892647
60569.73498574074,,,30.213159326997875,23.453251076840864,18.720482121827363,99.81084789688433,-13.221604412892647
60569.75116402199,22.24874969941881,0.1183045864053451,4.5761486157493385,0.4986288261762645,22.615910902767904,99.81084789688433,-13.221604412892647
60569.75116427662,,,23.97608303116993,26.06297782168416,18.60572428022517,99.81084789688433,-13.221604412892647
60571.71977611111,,,15.431810722484704,26.303404486810592,18.596179374216717,99.81084789688433,-13.221604412892647
60571.71977636574,,,15.595066063123385,23.129548709074346,18.73535056383446,99.81084789688433,-13.221604412892647
60573.68791425926,,,124.48714587237546,35.70727008773115,18.26474255358309,99.81084789688433,-13.221604412892647
60573.687914456015,,,-89.77097008236524,41.47183031738072,18.10394744474142,99.81084789688433,-13.221604412892647
60573.735421278936,,,-5.352654099434936,0.0,23.403773467588525,99.81084789688433,-13.221604412892647
60575.68168453125,,,36.22550397209496,25.862556643003018,18.612968060205848,99.81084789688433,-13.221604412892647
60575.68168470486,,,31.46514194847144,21.29216194198171,18.82410916276076,99.81084789688433,-13.221604412892647
60577.18729825231,,,23.778364814842277,22.83024231256664,18.74621167705365,99.81084789688433,-13.221604412892647
60579.18192993634,,,-43.05962590211976,18.006672977333945,19.00185865437858,99.81084789688433,-13.221604412892647
60581.22019334491,19.23149515894257,0.2073093560648547,73.68887672660381,14.070078455878544,19.263592713564773,99.81084789688433,-13.221604412892647
60584.71518873842,,,-5.053479545210647,0.0,23.439736047876224,99.81084789688433,-13.221604412892647
60585.20928497107,17.420026646332296,0.0928713040753897,390.8313038228759,33.430784292213275,18.33454104372133,99.81084789688433,-13.221604412892647
60586.71202728588,,,-3.222302440806171,0.0,23.5792299862685,99.81084789688433,-13.221604412892647
60587.216974710645,,,-15.15531781914528,14.829621303398737,19.208224965334963,99.81084789688433,-13.221604412892647
60588.74316315972,,,-81.68294780683534,11.178273215194936,19.519226327018224,99.81084789688433,-13.221604412892647
60590.64270043981,,,-40.52875488801411,13.22353361294254,19.33451729400168,99.81084789688433,-13.221604412892647
60590.64270066551,,,5.768522858363481,12.03781719071384,19.435787502069477,99.81084789688433,-13.221604412892647
60590.67514921875,,,-3.451232877913267,0.0,23.440564828328966,99.81084789688433,-13.221604412892647
60592.19019573496,,,-20.36209029659657,16.303709069715925,19.107983241865544,99.81084789688433,-13.221604412892647
60593.70827978588,,,2.3439101736063974,11.863783484031648,19.453130742803147,99.81084789688433,-13.221604412892647
60593.70828003472,,,13.084127706251754,13.27403717775178,19.332822710727743,99.81084789688433,-13.221604412892647
60602.15251158565,,,-68.88462528483258,28.54218572577908,18.50607519316228,99.81084789688433,-13.221604412892647
60604.65925110533,,,31.898457795110424,21.191393151745807,18.829578192006533,99.81084789688433,-13.221604412892647
60604.65925136574,,,46.82237026660457,18.955300097762738,18.95034926060972,99.81084789688433,-13.221604412892647
60606.16255108796,,,66.72547569149442,18.859403401466828,18.952226711044503,99.81084789688433,-13.221604412892647
60608.1087463368,,,3.018907428876731,21.704693069330418,18.7967169553004,99.81084789688433,-13.221604412892647
60609.61257188657,,,42.3292407707724,21.55595041354855,18.80280736090792,99.81084789688433,-13.221604412892647
60609.61257561921,,,-125.0442759378788,16.087563388116866,19.12113170733753,99.81084789688433,-13.221604412892647
60611.61154530671,,,2.626534563758393,10.815058195365628,19.55291947669317,99.81084789688433,-13.221604412892647
60613.11492465278,,,-64.86223232971616,18.08920312448703,18.996850728129264,99.81084789688433,-13.221604412892647
60614.618580601855,,,21.24096714509426,10.733400533681236,19.56086420266336,99.81084789688433,-13.221604412892647
60614.61858085069,,,24.127470859970813,10.03975281051124,19.63357740342837,99.81084789688433,-13.221604412892647
60614.64445226273,,,-4.744833946292823,0.0,23.698537793512905,99.81084789688433,-13.221604412892647
60616.19564098959,,,14.865409636117658,13.393297462297324,19.3191199090556,99.81084789688433,-13.221604412892647
60618.12968401042,,,62.77132666312594,55.474073964233696,17.772689881406606,99.81084789688433,-13.221604412892647
60619.63500662037,,,9.88308228404837,11.454872432186107,19.49027309935249,99.81084789688433,-13.221604412892647
60619.63500684607,,,11.409926209291577,10.8949599079873,19.54392817370953,99.81084789688433,-13.221604412892647
60622.593315833336,,,54.221562700614726,14.152888780563313,19.263018172455908,99.81084789688433,-13.221604412892647
60622.5933159838,,,10.194097057941704,11.39480570429122,19.497606909762077,99.81084789688433,-13.221604412892647
60624.11409480903,19.00171154542379,0.1867369683698147,91.05742857203924,15.661067655822997,19.14897032328024,99.81084789688433,-13.221604412892647
60626.57904112847,22.318838881982774,0.1389923998099078,4.29007067853543,0.5492008246115315,22.4614401065164,99.81084789688433,-13.221604412892647
60626.57904131366,,,-82.71406980915175,20.026096235851167,18.88988927439834,99.81084789688433,-13.221604412892647
60627.56805394097,,,-14.478030853209994,24.978110619705472,18.65095395320592,99.81084789688433,-13.221604412892647
60627.568054114585,,,-32.51267037125527,20.80052911087263,18.849697440410356,99.81084789688433,-13.221604412892647
60628.59025509838,,,0.7343842707533036,0.2240075887732212,23.01345844958845,99.81084789688433,-13.221604412892647
60628.59025529514,18.71329287178829,0.1990528296647271,118.76346263638844,21.773431884239848,18.800237645734388,99.81084789688433,-13.221604412892647
60636.5440182118,,,23.716252113319243,10.664532416442,19.566555365642724,99.81084789688433,-13.221604412892647
60636.54401846643,,,-30.96309998116958,9.595607984841816,19.6806809127802,99.81084789688433,-13.221604412892647
60636.57216644097,22.482722639919224,0.1472089884039497,3.689019441706287,0.5001738155513229,22.54345620197779,99.81084789688433,-13.221604412892647
60638.72704746528,,,3.7794026371697456,13.931496104631949,19.27936300263009,99.81084789688433,-13.221604412892647
60638.72704760995,,,36.7607612665412,12.739355052130447,19.37623819200626,99.81084789688433,-13.221604412892647
60640.532926510416,,,-0.9032382517525988,10.707154872142375,19.56262672325988,99.81084789688433,-13.221604412892647
60640.53292675926,,,9.535064951590211,10.76941839890419,19.557498542926897,99.81084789688433,-13.221604412892647
60640.566134849534,23.164324555285244,0.1902458676775521,1.9691109075520783,0.3450333621729329,22.846338199860227,99.81084789688433,-13.221604412892647
60648.055015098376,,,-42.00544385578566,18.18519742026408,18.99095320534304,99.81084789688433,-13.221604412892647
60652.1659348206,,,-55.24993188522107,12.852593704615924,19.36405160908417,99.81084789688433,-13.221604412892647
60655.62532813079,,,0.9772725279382658,0.2366682556926975,23.09458134231363,99.81084789688433,-13.221604412892647
60655.62532840278,,,-30.28364599012745,19.11192905658421,18.93895812084396,99.81084789688433,-13.221604412892647
60655.66389122685,,,27.425291031681503,13.542740739142506,19.311006023491053,99.81084789688433,-13.221604412892647
60655.66389145255,,,18.248961898594967,12.857032117170151,19.36798593729188,99.81084789688433,-13.221604412892647
60657.59430764468,,,0.5669479932137476,0.1827768924229952,23.197234467705552,99.81084789688433,-13.221604412892647
60657.59430792824,,,4.745881123593878,26.01825614684377,18.606027795546563,99.81084789688433,-13.221604412892647
60657.61019354745,,,14.7018566918038,20.806983923351616,18.848315558913303,99.81084789688433,-13.221604412892647
60657.61019374421,,,-3.224795071065336,19.801228295859723,18.902906915034865,99.81084789688433,-13.221604412892647
60663.00085149885,,,48.87815185270497,21.89592255000684,18.79049947584338,99.81084789688433,-13.221604412892647
60664.50742967014,,,1.0220615039952208,0.2489379095012504,23.036473437764588,99.81084789688433,-13.221604412892647
60664.50742985532,,,-25.130511788991008,18.974318499078688,18.94658200126901,99.81084789688433,-13.221604412892647
60664.53212372107,,,38.32578880033677,16.774673706358737,19.081291184435557,99.81084789688433,-13.221604412892647
60664.53212396412,,,0.9852647125878434,13.057362842643974,19.3501964287826,99.81084789688433,-13.221604412892647
60666.57921574074,,,48.32571355892842,17.232370146406865,19.051340625820984,99.81084789688433,-13.221604412892647
60666.57921599537,,,29.93335159366958,13.331768680645991,19.327020446493755,99.81084789688433,-13.221604412892647
60668.52653463541,,,0.4360471211056707,0.1575673450416211,23.277963975794133,99.81084789688433,-13.221604412892647
60668.5265348669,,,1.5275620439333455,13.43525713432746,19.31771836117887,99.81084789688433,-13.221604412892647
60668.56540412037,,,2.3162129806945053,13.733023265233696,19.294642039474883,99.81084789688433,-13.221604412892647
60668.56540438657,,,4.206904681473275,12.691576083019488,19.381752423550733,99.81084789688433,-13.221604412892647
60673.96366729745,,,-7.340270954362943,17.42832243501733,19.03676140336857,99.81084789688433,-13.221604412892647
60676.58342928241,,,-1.2097179477772877,0.0,23.79038208514493,99.81084789688433,-13.221604412892647
60676.58342962963,,,-20.765574483868985,17.745201978685575,19.020898632339765,99.81084789688433,-13.221604412892647
60676.69711681713,,,0.6296023225204793,0.1374361293804046,23.740859294270912,99.81084789688433,-13.221604412892647
60676.69711707754,,,-39.90920125991731,16.46077339732055,19.10487130358161,99.81084789688433,-13.221604412892647
60683.08452648727,,,-75.27147568981896,15.289427158407564,19.17606626497252,99.81084789688433,-13.221604412892647
60687.98707009259,,,-17.473631473709887,51.5968365648808,17.866641195721925,99.81084789688433,-13.221604412892647
60689.6484425926,,,-15.808521156697646,30.44950369634791,18.437313335691226,99.81084789688433,-13.221604412892647
60689.6484430382,,,40.38476967313507,33.34449843803346,18.33996936107936,99.81084789688433,-13.221604412892647
60692.05066393519,,,18.988248642479142,20.185582107867223,18.878879626428454,99.81084789688433,-13.221604412892647
60694.057884884256,,,-33.850548600246164,17.766551983176814,19.01724841558939,99.81084789688433,-13.221604412892647
60694.4412596875,,,13.204881922469198,13.060530415010264,19.347966217581583,99.81084789688433,-13.221604412892647
60694.4412599537,,,27.281079835328907,12.362994359843514,19.408815765373333,99.81084789688433,-13.221604412892647
60694.94469322917,,,6.993375651121851,13.98429753061941,19.27395379975125,99.81084789688433,-13.221604412892647
60694.98944156829,,,-25.797768184349977,13.863088291932842,19.2764596500035,99.81084789688433,-13.221604412892647
60695.49609251157,,,0.8894357615526891,0.2314963475990342,23.076964464015614,99.81084789688433,-13.221604412892647
60695.49609274884,,,-9.036523635096138,16.992707471720976,19.06340614468761,99.81084789688433,-13.221604412892647
60695.49621745949,,,41.27064680083192,15.980039455125375,19.133563588593635,99.81084789688433,-13.221604412892647
60695.49621771991,,,18.84284286856117,19.9087071646069,18.896294671634895,99.81084789688433,-13.221604412892647
60695.54121215856,,,-0.6877371690131889,0.0,23.48467405721397,99.81084789688433,-13.221604412892647
60695.541212523145,,,3.614949492371203,17.233643652392708,19.050010696239884,99.81084789688433,-13.221604412892647
60695.54128515625,,,25.32022136788067,12.0539221615462,19.43584506873638,99.81084789688433,-13.221604412892647
60695.54128539352,,,-0.485082544451881,16.718652329407053,19.08530351714358,99.81084789688433,-13.221604412892647
60696.66975932292,,,1.7169417905201103,15.317495730927734,19.1757553371094,99.81084789688433,-13.221604412892647
60696.6700663831,,,0.0636879627881868,0.0712313399357171,23.118775655323414,99.81084789688433,-13.221604412892647
60700.563992083335,,,0.0960535133353776,0.0875488418457144,23.10132067713629,99.81084789688433,-13.221604412892647
60700.5639923206,,,-60.24302429487066,20.67860871258284,18.84910128522036,99.81084789688433,-13.221604412892647
60700.57813372685,,,11.559142767176237,18.23797844240776,18.975751936225883,99.81084789688433,-13.221604412892647
60700.57813391782,,,-9.055783429148685,21.63649620159406,18.805318634967616,99.81084789688433,-13.221604412892647
60703.01013493634,,,-15.240916861127303,11.393782006158704,19.49180207391172,99.81084789688433,-13.221604412892647
60704.62373380208,19.23675193850935,0.2011062093094043,73.33296159620154,13.583146494897976,19.301047655127228,99.81084789688433,-13.221604412892647
60718.99076036458,,,-82.2998964965142,36.85847490283911,18.230172181347207,99.81084789688433,-13.221604412892647
60725.55985396991,,,-12.614043094326451,15.64006830772303,19.15443416934897,99.81084789688433,-13.221604412892647
60725.559854241896,,,-5.684766207874394,14.695031415487026,19.22329564246219,99.81084789688433,-13.221604412892647
60729.57916920717,,,0.2058125810859234,0.1101564709619201,23.35166612070969,99.81084789688433,-13.221604412892647
60729.57916944444,,,-17.030622959596634,18.589274872876302,18.95638759456312,99.81084789688433,-13.221604412892647
60800.3580990625,,,-2.514246966681186,0.0,24.335816294259672,99.81084789688433,-13.221604412892647
60800.37407037616,18.84345640569997,0.1608388244634319,105.345851469659,15.60572709855782,19.162164479761675,99.81084789688433,-13.221604412892647
60800.374070555554,,,36.73857412769235,13.8624235513804,19.292178158785102,99.81084789688433,-13.221604412892647
60899.80782630208,,,23.60475164759714,22.79193934646406,18.747990310243758,99.81084789688433,-13.221604412892647
60899.80782655672,,,-5.6152294790381845,19.385049644008475,18.92476529176962,99.81084789688433,-13.221604412892647
60920.74290473959,,,69.16145601167852,17.062643810538468,19.057502179648253,99.81084789688433,-13.221604412892647
60920.742904994215,,,44.43421432451985,14.490370111165866,19.235682310837777,99.81084789688433,-13.221604412892647
60935.722373836805,,,39.55243948450414,18.22395627307188,18.989759938413627,99.81084789688433,-13.221604412892647
60935.7223740625,,,-10.826460255660145,16.22321507120065,19.116636347288534,99.81084789688433,-13.221604412892647
60935.74839557292,,,-8.926782472228663,0.0,23.480559036990023,99.81084789688433,-13.221604412892647
60935.74839579861,,,-20.935634492693417,15.404529865426866,19.171518217339518,99.81084789688433,-13.221604412892647
60941.71861373843,,,14.183304872083424,12.58246076986769,19.388537498672815,99.81084789688433,-13.221604412892647
60946.70424032986,,,-1.624429584397515,0.0,23.395185743900463,99.81084789688433,-13.221604412892647
60946.70424057292,,,5.18537287653372,15.089155247838937,19.192475737226022,99.81084789688433,-13.221604412892647
60947.22259773727,,,-41.677291184662224,7.152879829792267,20.004019663233223,99.81084789688433,-13.221604412892647
60947.6641521007,,,10.07198154002724,12.323717576002972,19.41604062061989,99.81084789688433,-13.221604412892647
60947.664152349535,,,-11.358424325663073,12.202782483915586,19.42865375626369,99.81084789688433,-13.221604412892647
60947.6693935243,,,16.195954071617777,12.571836289881787,19.394723433955413,99.81084789688433,-13.221604412892647
60947.66939376736,,,-4.384806696902175,10.379909438567662,19.60310085986109,99.81084789688433,-13.221604412892647
60947.70685315393,23.36612516902823,0.1549841843242762,1.6351211360437317,0.2334065258490443,23.35261761833518,99.81084789688433,-13.221604412892647
60947.70685340278,,,-2.47915046037265,17.176080995968743,19.058604066773512,99.81084789688433,-13.221604412892647
60947.72217134259,,,7.125402386282838,9.658179892209272,19.680998798954175,99.81084789688433,-13.221604412892647
60947.72217161459,,,15.799599342533078,10.278131613571682,19.614495907827774,99.81084789688433,-13.221604412892647
60949.69827758681,,,0.8108399364020977,11.82833906218132,19.461347219862308,99.81084789688433,-13.221604412892647
60949.69827782407,,,-18.45217249227082,12.542750797477206,19.399833659195163,99.81084789688433,-13.221604412892647
60949.75780235532,,,16.339851483582777,11.810517875890415,19.464338807287703,99.81084789688433,-13.221604412892647
60949.757802586806,,,2.836575466372804,11.770502489761492,19.46879468099232,99.81084789688433,-13.221604412892647
60951.696768773145,,,150.74168067459232,36.69285368180724,18.233714674333445,99.81084789688433,-13.221604412892647
60951.69676900463,,,77.77948179792526,35.371419168559264,18.274494895168,99.81084789688433,-13.221604412892647
60952.675787569446,,,-0.8669852586812474,0.0,23.35377684166285,99.81084789688433,-13.221604412892647
60952.67578784144,,,-7.409574320491605,29.23533975958529,18.480637567610817,99.81084789688433,-13.221604412892647
60954.215350931714,,,-51.978584753821714,19.130512723698867,18.939509519830693,99.81084789688433,-13.221604412892647
60963.20003982639,,,-130.9214626160728,20.88954515834948,18.838883430720376,99.81084789688433,-13.221604412892647
60972.61244002315,,,11.920606708459244,31.52678895414622,18.38878685595519,99.81084789688433,-13.221604412892647
60972.6124402662,,,14.502511423350713,24.8717781390158,18.646219174560848,99.81084789688433,-13.221604412892647
60972.641854814814,,,1.6425726119187454,0.799651868583815,21.28042693197123,99.81084789688433,-13.221604412892647
60979.156560462965,,,-23.17836943413921,6.440022307008606,20.120971298495544,99.81084789688433,-13.221604412892647
60979.20641627893,,,-14.026855943252627,6.0523320275701655,20.18819585503613,99.81084789688433,-13.221604412892647
60980.12899762153,,,-9.28812245881299,8.427030120585282,19.82752701487139,99.81084789688433,-13.221604412892647
60981.198297934025,,,11.392621691115371,7.129540859646796,20.00821120621348,99.81084789688433,-13.221604412892647
60981.21982754051,,,-6.909743303258212,6.9555048503927015,20.03753999593015,99.81084789688433,-13.221604412892647
60981.26776054977,,,-5.5106952894015375,10.38568130425542,19.603474389361068,99.81084789688433,-13.221604412892647
